,date,store_location,total_revenue,total_qty,num_transactions,day_of_week,is_weekend,month,week_of_year,day_of_month,lag_1,lag_7,lag_14,roll_7d,roll_14d,roll_30d,store_Astoria,store_Hell's Kitchen,store_Lower Manhattan
0,2025-01-31,Astoria,801.5,219,165,4,0,1,5,31,870.6,922.05,1075.4,866.6285714285714,915.7207142857143,883.7386666666666,True,False,False
1,2025-02-01,Astoria,833.7,272,188,5,1,2,5,1,801.5,942.0,1064.03,849.407142857143,896.1564285714286,881.5086666666666,True,False,False
2,2025-02-02,Astoria,944.8,302,210,6,1,2,5,2,833.7,939.25,1079.38,833.9357142857143,879.7042857142858,878.4486666666667,True,False,False
3,2025-02-03,Astoria,940.2,301,214,0,0,2,6,3,944.8,838.55,871.43,834.7285714285715,870.0914285714287,879.8503333333333,True,False,False
4,2025-02-04,Astoria,825.95,271,191,1,0,2,6,4,940.2,733.25,992.35,849.25,875.0035714285715,884.2486666666666,True,False,False
5,2025-02-05,Astoria,871.25,283,208,2,0,2,6,5,825.95,820.7,742.8,862.4928571428571,863.1178571428571,881.6786666666667,True,False,False
6,2025-02-06,Astoria,655.35,209,139,3,0,2,6,6,871.25,870.6,928.3,869.7142857142857,872.2928571428572,886.8520000000001,True,False,False
7,2025-02-07,Astoria,804.3,255,185,4,0,2,6,7,655.35,801.5,922.05,838.9642857142857,852.7964285714286,881.787,True,False,False
8,2025-02-08,Astoria,928.8,263,191,5,1,2,6,8,804.3,833.7,942.0,839.3642857142858,844.3857142857142,882.1586666666666,True,False,False
9,2025-02-09,Astoria,866.8,225,182,6,1,2,6,9,928.8,944.8,939.25,852.9499999999999,843.4428571428572,887.3183333333333,True,False,False
10,2025-02-10,Astoria,868.0,297,199,0,0,2,7,10,866.8,940.2,838.55,841.8071428571428,838.2678571428571,884.6450000000001,True,False,False
11,2025-02-11,Astoria,670.05,212,155,1,0,2,7,11,868.0,825.95,733.25,831.4928571428571,840.3714285714286,888.9066666666666,True,False,False
12,2025-02-12,Astoria,680.6,207,142,2,0,2,7,12,670.05,871.25,820.7,809.2214285714286,835.8571428571429,889.2183333333334,True,False,False
13,2025-02-13,Astoria,641.9,212,149,3,0,2,7,13,680.6,655.35,870.6,781.9857142857144,825.85,888.3783333333333,True,False,False
14,2025-02-14,Astoria,747.05,210,151,4,0,2,7,14,641.9,804.3,801.5,780.0642857142857,809.5142857142857,884.3183333333333,True,False,False
15,2025-02-15,Astoria,1254.95,375,262,5,1,2,7,15,747.05,928.8,833.7,771.8857142857142,805.625,864.2556666666667,True,False,False
16,2025-02-16,Astoria,1191.3,341,243,6,1,2,7,16,1254.95,866.8,944.8,818.4785714285714,835.7142857142857,871.8430000000001,True,False,False
17,2025-02-17,Astoria,967.6,298,214,0,0,2,8,17,1191.3,868.0,940.2,864.8357142857143,853.3214285714286,875.7063333333333,True,False,False
18,2025-02-18,Astoria,1069.53,297,202,1,0,2,8,18,967.6,670.05,825.95,879.0642857142857,855.2785714285714,872.492,True,False,False
19,2025-02-19,Astoria,1164.4,342,250,2,0,2,8,19,1069.53,680.6,871.25,936.1328571428572,872.6771428571428,872.1636666666667,True,False,False
20,2025-02-20,Astoria,760.23,209,205,3,0,2,8,20,1164.4,641.9,655.35,1005.2471428571428,893.6164285714286,881.9293333333333,True,False,False
21,2025-02-21,Astoria,870.48,238,168,4,0,2,8,21,760.23,747.05,804.3,1022.1514285714285,901.1078571428571,874.1919999999999,True,False,False
22,2025-02-22,Astoria,1037.5,334,214,5,1,2,8,22,870.48,1254.95,928.8,1039.7842857142857,905.835,878.4480000000001,True,False,False
23,2025-02-23,Astoria,904.5,283,200,6,1,2,8,23,1037.5,1191.3,866.8,1008.72,913.5992857142857,882.088,True,False,False
24,2025-02-24,Astoria,986.9,303,213,0,0,2,9,24,904.5,967.6,868.0,967.7485714285714,916.2921428571428,881.5029999999999,True,False,False
25,2025-02-25,Astoria,813.55,266,185,1,0,2,9,25,986.9,1069.53,670.05,970.5057142857142,924.785,882.9996666666666,True,False,False
26,2025-02-26,Astoria,1030.9,337,233,2,0,2,9,26,813.55,1164.4,680.6,933.9371428571429,935.035,878.8096666666665,True,False,False
27,2025-02-27,Astoria,931.85,301,208,3,0,2,9,27,1030.9,760.23,641.9,914.8657142857143,960.0564285714287,885.2213333333333,True,False,False
28,2025-02-28,Astoria,842.9,275,189,4,0,2,9,28,931.85,870.48,747.05,939.3828571428572,980.7671428571429,891.8413333333333,True,False,False
29,2025-03-01,Astoria,1021.1,328,229,5,1,3,9,1,842.9,1037.5,1254.95,935.4428571428572,987.6135714285714,892.5813333333333,True,False,False
30,2025-03-02,Astoria,1088.4,352,243,6,1,3,9,2,1021.1,904.5,1191.3,933.1,970.91,897.598,True,False,False
31,2025-03-03,Astoria,1160.35,371,264,0,0,3,10,3,1088.4,986.9,967.6,959.3714285714286,963.5600000000001,907.1613333333333,True,False,False
32,2025-03-04,Astoria,1008.75,328,228,1,0,3,10,4,1160.35,813.55,1069.53,984.15,977.3278571428572,918.0496666666666,True,False,False
33,2025-03-05,Astoria,1097.15,355,253,2,0,3,10,5,1008.75,1030.9,1164.4,1012.0357142857143,972.9864285714286,920.1813333333333,True,False,False
34,2025-03-06,Astoria,732.75,231,169,3,0,3,10,6,1097.15,931.85,760.23,1021.5,968.1828571428571,925.413,True,False,False
35,2025-03-07,Astoria,921.3,293,212,4,0,3,10,7,732.75,842.9,870.48,993.0571428571428,966.22,922.3063333333333,True,False,False
36,2025-03-08,Astoria,1209.08,332,241,5,1,3,10,8,921.3,1021.1,1037.5,1004.2571428571429,969.85,923.9746666666666,True,False,False
37,2025-03-09,Astoria,908.83,249,199,6,1,3,10,9,1209.08,1088.4,904.5,1031.1114285714286,982.1057142857143,942.4323333333334,True,False,False
38,2025-03-10,Astoria,1081.2,327,230,0,0,3,11,10,908.83,1160.35,986.9,1005.4585714285713,982.415,945.9166666666666,True,False,False
39,2025-03-11,Astoria,995.25,295,201,1,0,3,11,11,1081.2,1008.75,813.55,994.1514285714285,989.1507142857143,950.9966666666667,True,False,False
40,2025-03-12,Astoria,664.13,202,144,2,0,3,11,12,995.25,1097.15,1030.9,992.222857142857,1002.1292857142856,955.2783333333333,True,False,False
41,2025-03-13,Astoria,846.1,282,199,3,0,3,11,13,664.13,732.75,931.85,930.3628571428571,975.9314285714285,948.4826666666667,True,False,False
42,2025-03-14,Astoria,966.55,257,183,4,0,3,11,14,846.1,921.3,842.9,946.5557142857142,969.8064285714285,954.351,True,False,False
43,2025-03-15,Astoria,1417.45,398,283,5,1,3,11,15,966.55,1209.08,1021.1,953.0200000000001,978.6385714285714,963.8826666666666,True,False,False
44,2025-03-16,Astoria,1149.13,359,258,6,1,3,11,16,1417.45,908.83,1088.4,982.7871428571428,1006.9492857142857,989.7343333333333,True,False,False
45,2025-03-17,Astoria,1440.45,408,296,0,0,3,12,17,1149.13,1081.2,1160.35,1017.1157142857144,1011.2871428571428,1003.1370000000001,True,False,False
46,2025-03-18,Astoria,1207.58,353,260,1,0,3,12,18,1440.45,995.25,1008.75,1068.4371428571428,1031.2942857142857,1009.3203333333333,True,False,False
47,2025-03-19,Astoria,1488.5,392,279,2,0,3,12,19,1207.58,664.13,1097.15,1098.77,1045.4964285714284,1009.8629999999999,True,False,False
48,2025-03-20,Astoria,1113.08,285,280,3,0,3,12,20,1488.5,846.1,732.75,1216.537142857143,1073.45,1027.2263333333333,True,False,False
49,2025-03-21,Astoria,835.85,236,171,4,0,3,12,21,1113.08,966.55,921.3,1254.6771428571428,1100.6164285714285,1028.678,True,False,False
50,2025-03-22,Astoria,1124.55,367,252,5,1,3,12,22,835.85,1417.45,1209.08,1236.0057142857142,1094.5128571428572,1017.7263333333334,True,False,False
51,2025-03-23,Astoria,1060.55,328,234,6,1,3,12,23,1124.55,1149.13,908.83,1194.162857142857,1088.475,1029.8703333333333,True,False,False
52,2025-03-24,Astoria,1123.2,355,246,0,0,3,13,24,1060.55,1440.45,1081.2,1181.5085714285713,1099.3121428571428,1036.206,True,False,False
53,2025-03-25,Astoria,1025.75,337,237,1,0,3,13,25,1123.2,1207.58,995.25,1136.1871428571428,1102.3121428571428,1039.0626666666667,True,False,False
54,2025-03-26,Astoria,1208.65,391,268,2,0,3,13,26,1025.75,1488.5,664.13,1110.2114285714285,1104.4907142857141,1043.1043333333332,True,False,False
55,2025-03-27,Astoria,1124.0,360,249,3,0,3,13,27,1208.65,1113.08,846.1,1070.2328571428573,1143.385,1050.496,True,False,False
56,2025-03-28,Astoria,954.75,312,213,4,0,3,13,28,1124.0,835.85,966.55,1071.7928571428572,1163.2350000000001,1060.8443333333335,True,False,False
57,2025-03-29,Astoria,978.8,317,231,5,1,3,13,29,954.75,1124.55,1417.45,1088.7785714285715,1162.392142857143,1058.306,True,False,False
58,2025-03-30,Astoria,967.05,307,218,6,1,3,13,30,978.8,1060.55,1149.13,1067.9571428571428,1131.06,1059.871,True,False,False
59,2025-03-31,Astoria,915.15,292,210,0,0,3,14,31,967.05,1123.2,1440.45,1054.6000000000001,1118.0542857142857,1064.0093333333332,True,False,False
60,2025-04-01,Astoria,1316.5,433,302,1,0,4,14,1,915.15,1025.75,1207.58,1024.8785714285714,1080.532857142857,1060.4776666666667,True,False,False
61,2025-04-02,Astoria,1351.35,430,294,2,0,4,14,2,1316.5,1208.65,1488.5,1066.4142857142856,1088.3128571428572,1068.081,True,False,False
62,2025-04-03,Astoria,1333.4,429,298,3,0,4,14,3,1351.35,1124.0,1113.08,1086.8,1078.5164285714286,1074.4476666666667,True,False,False
63,2025-04-04,Astoria,1150.75,371,262,4,0,4,14,4,1333.4,954.75,835.85,1116.7142857142858,1094.2535714285714,1085.2693333333334,True,False,False
64,2025-04-05,Astoria,1242.15,400,290,5,1,4,14,5,1150.75,978.8,1124.55,1144.7142857142858,1116.7464285714286,1087.056,True,False,False
65,2025-04-06,Astoria,1002.95,318,227,6,1,4,14,6,1242.15,967.05,1060.55,1182.3357142857144,1125.1464285714287,1104.036,True,False,False
66,2025-04-07,Astoria,1138.6,363,262,0,0,4,15,7,1002.95,915.15,1123.2,1187.4642857142858,1121.0321428571428,1106.7576666666669,True,False,False
67,2025-04-08,Astoria,1631.93,444,316,1,0,4,15,8,1138.6,1316.5,1025.75,1219.3857142857144,1122.132142857143,1104.4083333333333,True,False,False
68,2025-04-09,Astoria,1192.18,320,254,2,0,4,15,9,1631.93,1351.35,1208.65,1264.447142857143,1165.4307142857144,1128.5116666666665,True,False,False
69,2025-04-10,Astoria,1355.45,416,288,3,0,4,15,10,1192.18,1333.4,1124.0,1241.7085714285713,1164.2542857142857,1132.211,True,False,False
70,2025-04-11,Astoria,1295.0,411,278,4,0,4,15,11,1355.45,1150.75,954.75,1244.8585714285714,1180.7864285714288,1144.217666666667,True,False,False
71,2025-04-12,Astoria,958.63,287,203,5,1,4,15,12,1295.0,1242.15,978.8,1265.4657142857143,1205.0900000000001,1165.2466666666667,True,False,False
72,2025-04-13,Astoria,1069.7,353,259,6,1,4,15,13,958.63,1002.95,967.05,1224.962857142857,1203.6492857142857,1168.9976666666666,True,False,False
73,2025-04-14,Astoria,1195.83,322,223,0,0,4,16,14,1069.7,1138.6,915.15,1234.4985714285715,1210.9814285714288,1172.436,True,False,False
74,2025-04-15,Astoria,1622.66,470,326,1,0,4,16,15,1195.83,1631.93,1316.5,1242.6742857142858,1231.0300000000002,1165.0486666666666,True,False,False
75,2025-04-16,Astoria,1482.08,451,327,2,0,4,16,16,1622.66,1192.18,1351.35,1241.3500000000001,1252.8985714285716,1180.833,True,False,False
76,2025-04-17,Astoria,1543.6,457,315,3,0,4,16,17,1482.08,1355.45,1333.4,1282.7642857142857,1262.2364285714286,1182.2206666666666,True,False,False
77,2025-04-18,Astoria,1608.79,453,322,4,0,4,16,18,1543.6,1295.0,1150.75,1309.642857142857,1277.2507142857141,1193.4213333333332,True,False,False
78,2025-04-19,Astoria,1738.93,488,349,5,1,4,16,19,1608.79,958.63,1242.15,1354.4699999999998,1309.9678571428572,1197.4309999999998,True,False,False
79,2025-04-20,Astoria,1163.95,294,289,6,1,4,16,20,1738.93,1069.7,1002.95,1465.9414285714286,1345.452142857143,1218.2926666666667,True,False,False
80,2025-04-21,Astoria,1101.88,305,213,0,0,4,17,21,1163.95,1195.83,1138.6,1479.4057142857143,1356.952142857143,1229.2293333333334,True,False,False
81,2025-04-22,Astoria,1291.95,414,278,1,0,4,17,22,1101.88,1622.66,1631.93,1465.9842857142855,1354.3292857142856,1228.4736666666665,True,False,False
82,2025-04-23,Astoria,1384.05,428,296,2,0,4,17,23,1291.95,1482.08,1192.18,1418.74,1330.045,1236.1870000000001,True,False,False
83,2025-04-24,Astoria,1539.8,490,347,3,0,4,17,24,1384.05,1543.6,1355.45,1404.7357142857143,1343.75,1244.882,True,False,False
84,2025-04-25,Astoria,1306.1,430,301,4,0,4,17,25,1539.8,1608.79,1295.0,1404.1928571428573,1356.9178571428572,1262.017,True,False,False
85,2025-04-26,Astoria,1447.5,461,321,5,1,4,17,26,1306.1,1738.93,958.63,1360.9514285714286,1357.7107142857144,1265.2653333333333,True,False,False
86,2025-04-27,Astoria,1439.55,461,317,6,1,4,17,27,1447.5,1163.95,1069.7,1319.3185714285714,1392.6299999999999,1276.0486666666666,True,False,False
87,2025-04-28,Astoria,1172.7,386,270,0,0,4,18,28,1439.55,1101.88,1195.83,1358.69,1419.047857142857,1292.2086666666667,True,False,False
88,2025-04-29,Astoria,1124.05,355,252,1,0,4,18,29,1172.7,1291.95,1622.66,1368.8071428571432,1417.3957142857143,1298.672,True,False,False
89,2025-04-30,Astoria,1275.6,386,277,2,0,4,18,30,1124.05,1384.05,1482.08,1344.8214285714287,1381.7807142857143,1303.9053333333334,True,False,False
90,2025-05-01,Astoria,1657.65,533,376,3,0,5,18,1,1275.6,1539.8,1543.6,1329.3285714285714,1367.0321428571428,1315.9203333333332,True,False,False
91,2025-05-02,Astoria,1758.45,564,393,4,0,5,18,2,1657.65,1306.1,1608.79,1346.1642857142856,1375.1785714285713,1327.2920000000001,True,False,False
92,2025-05-03,Astoria,1760.45,567,402,5,1,5,18,3,1758.45,1447.5,1738.93,1410.7857142857142,1385.8685714285714,1340.862,True,False,False
93,2025-05-04,Astoria,1709.85,547,385,6,1,5,18,4,1760.45,1439.55,1163.95,1455.4928571428572,1387.4057142857143,1355.097,True,False,False
94,2025-05-05,Astoria,1726.65,554,387,0,0,5,19,5,1709.85,1172.7,1101.88,1494.107142857143,1426.3985714285714,1373.7336666666667,True,False,False
95,2025-05-06,Astoria,1293.05,414,291,1,0,5,19,6,1726.65,1124.05,1291.95,1573.2428571428572,1471.025,1389.8836666666664,True,False,False
96,2025-05-07,Astoria,1416.6,452,324,2,0,5,19,7,1293.05,1275.6,1384.05,1597.3857142857144,1471.1035714285715,1399.5536666666667,True,False,False
97,2025-05-08,Astoria,1967.68,546,391,3,0,5,19,8,1416.6,1657.65,1539.8,1617.5285714285715,1473.4285714285713,1408.8203333333333,True,False,False
98,2025-05-09,Astoria,1362.11,387,313,4,0,5,19,9,1967.68,1758.45,1306.1,1661.8185714285717,1503.9914285714283,1420.012,True,False,False
99,2025-05-10,Astoria,1716.9,550,380,5,1,5,19,10,1362.11,1760.45,1447.5,1605.1985714285713,1507.9921428571429,1425.6763333333333,True,False,False
100,2025-05-11,Astoria,1395.0,443,313,6,1,5,19,11,1716.9,1709.85,1439.55,1598.9771428571428,1527.2350000000001,1437.7246666666665,True,False,False
101,2025-05-12,Astoria,1175.08,362,254,0,0,5,20,12,1395.0,1726.65,1172.7,1553.9985714285717,1524.0528571428572,1441.058,True,False,False
102,2025-05-13,Astoria,1299.85,439,315,1,0,5,20,13,1175.08,1293.05,1124.05,1475.2028571428568,1524.222857142857,1448.2730000000001,True,False,False
103,2025-05-14,Astoria,1482.0,417,293,2,0,5,20,14,1299.85,1416.6,1275.6,1476.1742857142856,1536.7800000000002,1455.9446666666668,True,False,False
104,2025-05-15,Astoria,2180.88,630,447,3,0,5,20,15,1482.0,1967.68,1657.65,1485.5171428571427,1551.5228571428572,1465.4836666666667,True,False,False
105,2025-05-16,Astoria,2042.15,623,450,4,0,5,20,16,2180.88,1362.11,1758.45,1515.9742857142858,1588.8964285714285,1484.091,True,False,False
106,2025-05-17,Astoria,1942.5,566,398,5,1,5,20,17,2042.15,1716.9,1760.45,1613.1228571428571,1609.1607142857142,1502.76,True,False,False
107,2025-05-18,Astoria,1965.94,566,397,6,1,5,20,18,1942.5,1395.0,1709.85,1645.3514285714284,1622.1642857142856,1516.0566666666666,True,False,False
108,2025-05-19,Astoria,2184.7,644,448,0,0,5,21,19,1965.94,1175.08,1726.65,1726.9142857142856,1640.4564285714284,1527.9616666666668,True,False,False
109,2025-05-20,Astoria,1798.73,423,416,1,0,5,21,20,2184.7,1299.85,1293.05,1871.1457142857141,1673.1742857142856,1542.8206666666667,True,False,False
110,2025-05-21,Astoria,1568.78,418,295,2,0,5,21,21,1798.73,1482.0,1416.6,1942.4142857142858,1709.2942857142857,1563.98,True,False,False
111,2025-05-22,Astoria,1773.15,582,390,3,0,5,21,22,1568.78,2180.88,1967.68,1954.8114285714287,1720.1642857142858,1579.5433333333335,True,False,False
112,2025-05-23,Astoria,1653.1,525,359,4,0,5,21,23,1773.15,2042.15,1362.11,1896.5642857142855,1706.2692857142858,1595.5833333333333,True,False,False
113,2025-05-24,Astoria,1889.65,605,422,5,1,5,21,24,1653.1,1942.5,1716.9,1840.9857142857143,1727.054285714286,1604.5516666666667,True,False,False
114,2025-05-25,Astoria,1628.15,528,369,6,1,5,21,25,1889.65,1965.94,1395.0,1833.435714285714,1739.3935714285712,1616.2133333333334,True,False,False
115,2025-05-26,Astoria,1826.65,591,409,0,0,5,22,26,1628.15,2184.7,1175.08,1785.18,1756.047142857143,1626.9483333333333,True,False,False
116,2025-05-27,Astoria,1661.05,540,374,1,0,5,22,27,1826.65,1798.73,1299.85,1734.0300000000002,1802.587857142857,1639.5866666666666,True,False,False
117,2025-05-28,Astoria,1612.85,531,372,2,0,5,22,28,1661.05,1568.78,1482.0,1714.3614285714284,1828.3878571428572,1646.97,True,False,False
118,2025-05-29,Astoria,1637.1,516,363,3,0,5,22,29,1612.85,1773.15,2180.88,1720.6571428571428,1837.7342857142855,1661.6416666666667,True,False,False
119,2025-05-30,Astoria,1670.95,539,382,4,0,5,22,30,1637.1,1653.1,2042.15,1701.2214285714288,1798.892857142857,1678.743333333333,True,False,False
120,2025-05-31,Astoria,1671.11,512,367,5,1,5,22,31,1670.95,1889.65,1942.5,1703.7714285714285,1772.3785714285714,1691.9216666666666,True,False,False
121,2025-06-01,Astoria,1794.85,583,408,6,1,6,22,1,1671.11,1628.15,1965.94,1672.5514285714287,1752.9935714285714,1692.3703333333333,True,False,False
122,2025-06-02,Astoria,1915.45,622,432,0,0,6,23,2,1794.85,1826.65,2184.7,1696.3657142857141,1740.7728571428572,1693.5836666666667,True,False,False
123,2025-06-03,Astoria,1953.5,616,439,1,0,6,23,3,1915.45,1661.05,1798.73,1709.0514285714285,1721.5407142857143,1698.7503333333334,True,False,False
124,2025-06-04,Astoria,1760.9,572,400,2,0,6,23,4,1953.5,1612.85,1568.78,1750.83,1732.5957142857144,1706.8719999999998,True,False,False
125,2025-06-05,Astoria,1842.45,595,416,3,0,6,23,5,1760.9,1637.1,1773.15,1771.98,1746.3185714285714,1708.0136666666667,True,False,False
126,2025-06-06,Astoria,1397.1,446,313,4,0,6,23,6,1842.45,1670.95,1653.1,1801.3157142857142,1751.2685714285715,1726.327,True,False,False
127,2025-06-07,Astoria,1555.55,494,355,5,1,6,23,7,1397.1,1671.11,1889.65,1762.1942857142858,1732.982857142857,1725.677,True,False,False
128,2025-06-08,Astoria,2168.68,574,414,6,1,6,23,8,1555.55,1794.85,1628.15,1745.685714285714,1709.1185714285714,1711.9393333333333,True,False,False
129,2025-06-09,Astoria,1518.48,433,341,0,0,6,24,9,2168.68,1915.45,1826.65,1799.09,1747.7278571428571,1738.825,True,False,False
130,2025-06-10,Astoria,1749.45,538,375,1,0,6,24,10,1518.48,1953.5,1661.05,1742.3799999999999,1725.7157142857143,1732.211,True,False,False
131,2025-06-11,Astoria,1703.65,524,368,2,0,6,24,11,1749.45,1760.9,1612.85,1713.23,1732.03,1744.026,True,False,False
132,2025-06-12,Astoria,1244.6,394,273,3,0,6,24,12,1703.65,1842.45,1637.1,1705.0514285714285,1738.5157142857145,1761.645,True,False,False
133,2025-06-13,Astoria,1439.45,480,341,4,0,6,24,13,1244.6,1397.1,1670.95,1619.6442857142858,1710.48,1759.8033333333333,True,False,False
134,2025-06-14,Astoria,1588.55,425,303,5,1,6,24,14,1439.45,1555.55,1671.11,1625.6942857142858,1693.9442857142858,1758.3849999999998,True,False,False
135,2025-06-15,Astoria,2373.21,661,468,6,1,6,24,15,1588.55,2168.68,1794.85,1630.4085714285716,1688.047142857143,1738.6406666666667,True,False,False
136,2025-06-16,Astoria,2229.8,679,483,0,0,6,25,16,2373.21,1518.48,1915.45,1659.6271428571429,1729.3585714285714,1749.676,True,False,False
137,2025-06-17,Astoria,2072.65,618,435,1,0,6,25,17,2229.8,1749.45,1953.5,1761.2442857142858,1751.812142857143,1759.2526666666668,True,False,False
138,2025-06-18,Astoria,2044.88,605,437,2,0,6,25,18,2072.65,1703.65,1760.9,1807.4157142857143,1760.3228571428572,1762.8096666666668,True,False,False
139,2025-06-19,Astoria,2546.43,688,489,3,0,6,25,19,2044.88,1244.6,1842.45,1856.1628571428573,1780.607142857143,1758.1490000000001,True,False,False
140,2025-06-20,Astoria,1679.38,440,434,4,0,6,25,20,2546.43,1439.45,1397.1,2042.1385714285716,1830.8914285714286,1783.0723333333333,True,False,False
141,2025-06-21,Astoria,1614.25,438,317,5,1,6,25,21,1679.38,1588.55,1555.55,2076.4142857142856,1851.054285714286,1786.7589999999998,True,False,False
142,2025-06-22,Astoria,1912.05,613,407,6,1,6,25,22,1614.25,2373.21,2168.68,2080.0857142857144,1855.2471428571428,1781.4623333333332,True,False,False
143,2025-06-23,Astoria,1864.4,594,409,0,0,6,26,23,1912.05,2229.8,1518.48,2014.205714285714,1836.9164285714287,1790.094,True,False,False
144,2025-06-24,Astoria,2117.55,678,472,1,0,6,26,24,1864.4,2072.65,1749.45,1962.0057142857145,1861.625,1789.2523333333334,True,False,False
145,2025-06-25,Astoria,1740.7,568,396,2,0,6,26,25,2117.55,2044.88,1703.65,1968.42,1887.917857142857,1805.5656666666666,True,False,False
146,2025-06-26,Astoria,1975.1,635,432,3,0,6,26,26,1740.7,2546.43,1244.6,1924.9657142857143,1890.5642857142855,1802.7006666666668,True,False,False
147,2025-06-27,Astoria,1861.55,598,421,4,0,6,26,27,1975.1,1679.38,1439.45,1843.347142857143,1942.7428571428572,1813.169,True,False,False
148,2025-06-28,Astoria,1758.1,580,393,5,1,6,26,28,1861.55,1614.25,1588.55,1869.3714285714286,1972.892857142857,1821.4589999999998,True,False,False
149,2025-06-29,Astoria,1852.75,585,410,6,1,6,26,29,1758.1,1912.05,2373.21,1889.9214285714286,1985.0035714285714,1825.4923333333334,True,False,False
150,2025-06-30,Astoria,1807.65,577,404,0,0,6,27,30,1852.75,1864.4,2229.8,1881.4500000000003,1947.827857142857,1831.5523333333333,True,False,False
151,2025-01-31,Hell's Kitchen,768.4,218,159,4,0,1,5,31,868.4,841.1,1421.5,782.6400000000001,889.7235714285715,901.7416666666667,False,True,False
152,2025-02-01,Hell's Kitchen,849.4,269,179,5,1,2,5,1,768.4,840.7,846.1,772.2542857142856,843.0735714285714,898.9733333333332,False,True,False
153,2025-02-02,Hell's Kitchen,883.95,287,200,6,1,2,5,2,849.4,856.43,1046.25,773.4971428571428,843.3092857142857,899.66,False,True,False
154,2025-02-03,Hell's Kitchen,896.0,291,202,0,0,2,6,3,883.95,760.05,940.75,777.4285714285714,831.7164285714287,898.9166666666666,False,True,False
155,2025-02-04,Hell's Kitchen,844.65,278,200,1,0,2,6,4,896.0,699.65,1075.5,796.8500000000001,828.5200000000001,902.7283333333332,False,True,False
156,2025-02-05,Hell's Kitchen,709.35,233,161,2,0,2,6,5,844.65,612.15,621.45,817.5642857142857,812.0307142857143,907.0533333333333,False,True,False
157,2025-02-06,Hell's Kitchen,796.15,264,182,3,0,2,6,6,709.35,868.4,1026.1,831.45,818.3092857142857,905.125,False,True,False
158,2025-02-07,Hell's Kitchen,893.25,292,203,4,0,2,6,7,796.15,768.4,841.1,821.1285714285714,801.8842857142856,897.5266666666668,False,True,False
159,2025-02-08,Hell's Kitchen,949.93,298,209,5,1,2,6,8,893.25,849.4,840.7,838.9642857142857,805.6092857142858,898.2073333333334,False,True,False
160,2025-02-09,Hell's Kitchen,859.25,292,209,6,1,2,6,9,949.93,883.95,856.43,853.3257142857144,813.4114285714286,900.0583333333332,False,True,False
161,2025-02-10,Hell's Kitchen,1072.3,326,231,0,0,2,7,10,859.25,896.0,760.05,849.7971428571428,813.6128571428571,901.7633333333332,False,True,False
162,2025-02-11,Hell's Kitchen,1031.21,307,221,1,0,2,7,11,1072.3,844.65,699.65,874.982857142857,835.9164285714286,905.0216666666668,False,True,False
163,2025-02-12,Hell's Kitchen,1125.8,326,231,2,0,2,7,12,1031.21,709.35,612.15,901.6342857142857,859.5992857142858,914.332,False,True,False
164,2025-02-13,Hell's Kitchen,1185.15,363,232,3,0,2,7,13,1125.8,796.15,868.4,961.1271428571428,896.2885714285713,906.4386666666667,False,True,False
165,2025-02-14,Hell's Kitchen,1163.65,349,257,4,0,2,7,14,1185.15,893.25,768.4,1016.6985714285714,918.9135714285713,907.8166666666667,False,True,False
166,2025-02-15,Hell's Kitchen,850.25,254,181,5,1,2,7,15,1163.65,949.93,849.4,1055.327142857143,947.1457142857143,914.5239999999999,False,True,False
167,2025-02-16,Hell's Kitchen,908.23,265,195,6,1,2,7,16,850.25,859.25,883.95,1041.087142857143,947.2064285714287,911.1606666666667,False,True,False
168,2025-02-17,Hell's Kitchen,637.6,209,151,0,0,2,8,17,908.23,1072.3,896.0,1048.0842857142857,948.9407142857143,894.0516666666666,False,True,False
169,2025-02-18,Hell's Kitchen,1049.5,297,212,1,0,2,8,18,637.6,1031.21,844.65,985.9842857142858,930.4835714285715,887.1016666666667,False,True,False
170,2025-02-19,Hell's Kitchen,1164.2,331,242,2,0,2,8,19,1049.5,1125.8,709.35,988.5971428571429,945.1157142857144,887.2099999999999,False,True,False
171,2025-02-20,Hell's Kitchen,1066.65,316,219,3,0,2,8,20,1164.2,1185.15,796.15,994.0828571428573,977.6049999999999,894.6583333333333,False,True,False
172,2025-02-21,Hell's Kitchen,958.65,307,222,4,0,2,8,21,1066.65,1163.65,893.25,977.1542857142857,996.9264285714287,894.3633333333332,False,True,False
173,2025-02-22,Hell's Kitchen,830.7,254,180,5,1,2,8,22,958.65,850.25,949.93,947.8685714285715,1001.5978571428572,905.6033333333334,False,True,False
174,2025-02-23,Hell's Kitchen,888.98,240,177,6,1,2,8,23,830.7,908.23,859.25,945.0757142857144,993.0814285714285,899.09,False,True,False
175,2025-02-24,Hell's Kitchen,815.1,256,176,0,0,2,9,24,888.98,637.6,1072.3,942.3257142857143,995.205,900.686,False,True,False
176,2025-02-25,Hell's Kitchen,853.35,255,182,1,0,2,9,25,815.1,1049.5,1031.21,967.6828571428572,976.8335714285715,899.8326666666667,False,True,False
177,2025-02-26,Hell's Kitchen,928.45,269,198,2,0,2,9,26,853.35,1164.2,1125.8,939.6614285714287,964.1292857142856,899.73,False,True,False
178,2025-02-27,Hell's Kitchen,758.9,272,187,3,0,2,9,27,928.45,1066.65,1185.15,905.9828571428571,950.0328571428572,905.3433333333334,False,True,False
179,2025-02-28,Hell's Kitchen,749.2,237,167,4,0,2,9,28,758.9,958.65,1163.65,862.0185714285715,919.5864285714287,907.3183333333333,False,True,False
180,2025-03-01,Hell's Kitchen,1040.45,330,214,5,1,3,9,1,749.2,830.7,850.25,832.0971428571429,889.9828571428571,911.8866666666668,False,True,False
181,2025-03-02,Hell's Kitchen,1020.75,331,228,6,1,3,9,2,1040.45,888.98,908.23,862.0614285714286,903.5685714285713,917.6216666666667,False,True,False
182,2025-03-03,Hell's Kitchen,1037.55,328,229,0,0,3,10,3,1020.75,815.1,637.6,880.8857142857144,911.6057142857143,926.0333333333333,False,True,False
183,2025-03-04,Hell's Kitchen,868.4,281,195,1,0,3,10,4,1037.55,853.35,1049.5,912.6642857142857,940.1735714285714,932.3050000000001,False,True,False
184,2025-03-05,Hell's Kitchen,904.0,299,207,2,0,3,10,5,868.4,928.45,1164.2,914.8142857142857,927.2378571428571,931.7866666666666,False,True,False
185,2025-03-06,Hell's Kitchen,934.95,306,205,3,0,3,10,6,904.0,758.9,1066.65,911.3214285714286,908.652142857143,932.0533333333333,False,True,False
186,2025-03-07,Hell's Kitchen,1136.05,374,263,4,0,3,10,7,934.95,749.2,958.65,936.4714285714286,899.245,935.0633333333333,False,True,False
187,2025-03-08,Hell's Kitchen,1184.08,357,262,5,1,3,10,8,1136.05,1040.45,830.7,991.7357142857144,911.9164285714286,949.2866666666666,False,True,False
188,2025-03-09,Hell's Kitchen,1268.7,399,286,6,1,3,10,9,1184.08,1020.75,888.98,1012.2542857142856,937.1578571428572,962.2176666666667,False,True,False
189,2025-03-10,Hell's Kitchen,1252.18,384,284,0,0,3,11,10,1268.7,1037.55,815.1,1047.6757142857143,964.2807142857143,974.7326666666667,False,True,False
190,2025-03-11,Hell's Kitchen,1140.8,363,252,1,0,3,11,11,1252.18,868.4,853.35,1078.337142857143,995.5007142857145,984.8076666666668,False,True,False
191,2025-03-12,Hell's Kitchen,1278.05,370,266,2,0,3,11,12,1140.8,904.0,928.45,1117.2514285714285,1016.0328571428572,994.1926666666667,False,True,False
192,2025-03-13,Hell's Kitchen,1440.9,423,269,3,0,3,11,13,1278.05,934.95,758.9,1170.6871428571428,1041.0042857142857,1001.0509999999999,False,True,False
193,2025-03-14,Hell's Kitchen,1379.83,380,289,4,0,3,11,14,1440.9,1136.05,749.2,1242.9657142857143,1089.7185714285715,1014.7073333333334,False,True,False
194,2025-03-15,Hell's Kitchen,1005.28,317,229,5,1,3,11,15,1379.83,1184.08,1040.45,1277.7914285714287,1134.7635714285714,1023.175,False,True,False
195,2025-03-16,Hell's Kitchen,1142.43,350,260,6,1,3,11,16,1005.28,1268.7,1020.75,1252.2485714285715,1132.2514285714285,1017.1793333333334,False,True,False
196,2025-03-17,Hell's Kitchen,788.45,236,176,0,0,3,12,17,1142.43,1252.18,1037.55,1234.2100000000003,1140.9428571428573,1016.4720000000001,False,True,False
197,2025-03-18,Hell's Kitchen,1163.25,337,240,1,0,3,12,18,788.45,1140.8,868.4,1167.962857142857,1123.15,1014.412,False,True,False
198,2025-03-19,Hell's Kitchen,1085.18,340,256,2,0,3,12,19,1163.25,1278.05,904.0,1171.17,1144.2107142857144,1022.9126666666667,False,True,False
199,2025-03-20,Hell's Kitchen,1114.1,351,246,3,0,3,12,20,1085.18,1440.9,934.95,1143.6171428571429,1157.152142857143,1037.8319999999999,False,True,False
200,2025-03-21,Hell's Kitchen,1316.7,394,293,4,0,3,12,21,1114.1,1379.83,1136.05,1096.9314285714286,1169.9485714285713,1039.9853333333333,False,True,False
201,2025-03-22,Hell's Kitchen,923.9,277,207,5,1,3,12,22,1316.7,1005.28,1184.08,1087.912857142857,1182.8521428571428,1045.0686666666666,False,True,False
202,2025-03-23,Hell's Kitchen,1142.33,325,237,6,1,3,12,23,923.9,1142.43,1268.7,1076.287142857143,1164.267857142857,1040.3103333333333,False,True,False
203,2025-03-24,Hell's Kitchen,1015.9,300,213,0,0,3,13,24,1142.33,788.45,1252.18,1076.2728571428572,1155.2414285714285,1046.433,False,True,False
204,2025-03-25,Hell's Kitchen,1006.3,297,213,1,0,3,13,25,1015.9,1163.25,1140.8,1108.7657142857142,1138.3642857142856,1052.6063333333334,False,True,False
205,2025-03-26,Hell's Kitchen,971.63,287,208,2,0,3,13,26,1006.3,1085.18,1278.05,1086.3442857142857,1128.757142857143,1056.517,False,True,False
206,2025-03-27,Hell's Kitchen,1060.6,380,263,3,0,3,13,27,971.63,1114.1,1440.9,1070.1228571428571,1106.8700000000001,1061.7346666666667,False,True,False
207,2025-03-28,Hell's Kitchen,892.55,280,206,4,0,3,13,28,1060.6,1316.7,1379.83,1062.48,1079.7057142857143,1068.6429999999998,False,True,False
208,2025-03-29,Hell's Kitchen,672.9,221,157,5,1,3,13,29,892.55,923.9,1005.28,1001.8871428571427,1044.8999999999999,1067.4463333333335,False,True,False
209,2025-03-30,Hell's Kitchen,998.98,291,211,6,1,3,13,30,672.9,1142.33,1142.43,966.03,1021.1585714285713,1064.5796666666668,False,True,False
210,2025-03-31,Hell's Kitchen,923.4,290,203,0,0,3,14,31,998.98,1015.9,788.45,945.5514285714286,1010.9121428571428,1072.9056666666665,False,True,False
211,2025-04-01,Hell's Kitchen,1215.35,390,261,1,0,4,14,1,923.4,1006.3,1163.25,932.3371428571429,1020.5514285714286,1069.004,False,True,False
212,2025-04-02,Hell's Kitchen,1222.3,399,275,2,0,4,14,2,1215.35,971.63,1085.18,962.2014285714286,1024.2728571428572,1075.4906666666666,False,True,False
213,2025-04-03,Hell's Kitchen,1144.0,367,257,3,0,4,14,3,1222.3,1060.6,1114.1,998.0114285714286,1034.0671428571427,1081.649,False,True,False
214,2025-04-04,Hell's Kitchen,1084.55,355,250,4,0,4,14,4,1144.0,892.55,1316.7,1009.9257142857142,1036.202857142857,1090.8356666666666,False,True,False
215,2025-04-05,Hell's Kitchen,1108.3,356,250,5,1,4,14,5,1084.55,672.9,923.9,1037.3542857142857,1019.6207142857141,1096.854,False,True,False
216,2025-04-06,Hell's Kitchen,1167.0,389,267,6,1,4,14,6,1108.3,998.98,1142.33,1099.5542857142857,1032.7921428571428,1102.6323333333335,False,True,False
217,2025-04-07,Hell's Kitchen,1529.45,490,338,0,0,4,15,7,1167.0,923.4,1015.9,1123.5571428571427,1034.5542857142857,1103.664,False,True,False
218,2025-04-08,Hell's Kitchen,1427.78,443,315,1,0,4,15,8,1529.45,1215.35,1006.3,1210.1357142857144,1071.2364285714286,1115.1763333333333,False,True,False
219,2025-04-09,Hell's Kitchen,1431.4,460,330,2,0,4,15,9,1427.78,1222.3,971.63,1240.482857142857,1101.3421428571428,1120.4789999999998,False,True,False
220,2025-04-10,Hell's Kitchen,1411.05,425,311,3,0,4,15,10,1431.4,1144.0,1060.6,1270.3542857142857,1134.182857142857,1126.453,False,True,False
221,2025-04-11,Hell's Kitchen,1362.03,420,304,4,0,4,15,11,1411.05,1084.55,892.55,1308.5042857142855,1159.215,1135.4613333333332,False,True,False
222,2025-04-12,Hell's Kitchen,1569.0,476,337,5,1,4,15,12,1362.03,1108.3,672.9,1348.1442857142858,1192.7492857142859,1138.2606666666666,False,True,False
223,2025-04-13,Hell's Kitchen,1797.4,547,354,6,1,4,15,13,1569.0,1167.0,998.98,1413.9585714285713,1256.7564285714286,1142.5306666666665,False,True,False
224,2025-04-14,Hell's Kitchen,1818.46,483,358,0,0,4,16,14,1797.4,1529.45,923.4,1504.015714285714,1313.7864285714288,1156.4496666666666,False,True,False
225,2025-04-15,Hell's Kitchen,1229.08,372,270,1,0,4,16,15,1818.46,1427.78,1215.35,1545.3028571428572,1377.7192857142857,1183.5556666666666,False,True,False
226,2025-04-16,Hell's Kitchen,1555.43,461,335,2,0,4,16,16,1229.08,1431.4,1222.3,1516.9171428571428,1378.7,1186.444,False,True,False
227,2025-04-17,Hell's Kitchen,1638.45,291,205,3,0,4,16,17,1555.43,1411.05,1144.0,1534.6357142857144,1402.4950000000001,1212.01,False,True,False
228,2025-04-18,Hell's Kitchen,1580.6,470,329,4,0,4,16,18,1638.45,1362.03,1084.55,1567.1214285714286,1437.8128571428572,1227.85,False,True,False
229,2025-04-19,Hell's Kitchen,1449.18,418,309,5,1,4,16,19,1580.6,1569.0,1108.3,1598.3457142857144,1473.2450000000001,1244.364,False,True,False
230,2025-04-20,Hell's Kitchen,1317.4,422,286,6,1,4,16,20,1449.18,1797.4,1167.0,1581.2285714285715,1497.5935714285713,1255.5333333333333,False,True,False
231,2025-04-21,Hell's Kitchen,1521.85,466,340,0,0,4,17,21,1317.4,1818.46,1529.45,1512.6571428571428,1508.3364285714285,1255.5566666666666,False,True,False
232,2025-04-22,Hell's Kitchen,1035.45,315,226,1,0,4,17,22,1521.85,1229.08,1427.78,1470.2842857142857,1507.7935714285716,1275.4883333333332,False,True,False
233,2025-04-23,Hell's Kitchen,1414.48,396,284,2,0,4,17,23,1035.45,1555.43,1431.4,1442.6228571428571,1479.77,1271.9256666666668,False,True,False
234,2025-04-24,Hell's Kitchen,1166.75,348,248,3,0,4,17,24,1414.48,1638.45,1411.05,1422.4871428571428,1478.5614285714285,1285.2116666666666,False,True,False
235,2025-04-25,Hell's Kitchen,1284.55,376,266,4,0,4,17,25,1166.75,1580.6,1362.03,1355.1014285714286,1461.1114285714284,1290.56,False,True,False
236,2025-04-26,Hell's Kitchen,1427.5,417,304,5,1,4,17,26,1284.55,1449.18,1569.0,1312.8085714285714,1455.577142857143,1300.9906666666668,False,True,False
237,2025-04-27,Hell's Kitchen,1301.45,462,319,6,1,4,17,27,1427.5,1317.4,1797.4,1309.7114285714285,1445.47,1313.2206666666668,False,True,False
238,2025-04-28,Hell's Kitchen,1089.95,344,248,0,0,4,18,28,1301.45,1521.85,1818.46,1307.4328571428573,1410.0449999999998,1326.8506666666665,False,True,False
239,2025-04-29,Hell's Kitchen,892.55,290,199,1,0,4,18,29,1089.95,1035.45,1229.08,1245.7328571428573,1358.0085714285713,1340.7523333333334,False,True,False
240,2025-04-30,Hell's Kitchen,1111.4,346,254,2,0,4,18,30,892.55,1414.48,1555.43,1225.3185714285714,1333.9707142857144,1337.2046666666668,False,True,False
241,2025-05-01,Hell's Kitchen,1598.4,512,347,3,0,5,18,1,1111.4,1166.75,1638.45,1182.0214285714285,1302.2542857142857,1343.4713333333334,False,True,False
242,2025-05-02,Hell's Kitchen,1590.55,517,358,4,0,5,18,2,1598.4,1284.55,1580.6,1243.685714285714,1299.3935714285715,1356.2396666666668,False,True,False
243,2025-05-03,Hell's Kitchen,1552.5,503,357,5,1,5,18,3,1590.55,1427.5,1449.18,1287.4,1300.1042857142857,1368.5146666666665,False,True,False
244,2025-05-04,Hell's Kitchen,1448.55,467,323,6,1,5,18,4,1552.5,1301.45,1317.4,1305.257142857143,1307.4842857142855,1382.1313333333333,False,True,False
245,2025-05-05,Hell's Kitchen,1445.7,463,322,0,0,5,19,5,1448.55,1089.95,1521.85,1326.2714285714285,1316.8521428571428,1394.2646666666667,False,True,False
246,2025-05-06,Hell's Kitchen,1433.1,478,327,1,0,5,19,6,1445.7,892.55,1035.45,1377.0928571428574,1311.4128571428573,1405.5113333333331,False,True,False
247,2025-05-07,Hell's Kitchen,1957.55,635,437,2,0,5,19,7,1433.1,1111.4,1414.48,1454.314285714286,1339.8164285714286,1414.3813333333335,False,True,False
248,2025-05-08,Hell's Kitchen,1767.38,560,396,3,0,5,19,8,1957.55,1598.4,1166.75,1575.1928571428573,1378.607142857143,1428.6513333333335,False,True,False
249,2025-05-09,Hell's Kitchen,1916.2,608,430,4,0,5,19,9,1767.38,1590.55,1284.55,1599.3328571428572,1421.5092857142859,1439.9713333333336,False,True,False
250,2025-05-10,Hell's Kitchen,1942.63,586,422,5,1,5,19,10,1916.2,1552.5,1427.5,1645.8542857142857,1466.6271428571429,1456.1313333333335,False,True,False
251,2025-05-11,Hell's Kitchen,1905.31,562,404,6,1,5,19,11,1942.63,1448.55,1301.45,1701.587142857143,1503.422142857143,1473.8506666666665,False,True,False
252,2025-05-12,Hell's Kitchen,1896.4,583,411,0,0,5,20,12,1905.31,1445.7,1089.95,1766.8385714285716,1546.555,1491.96,False,True,False
253,2025-05-13,Hell's Kitchen,2312.6,684,445,1,0,5,20,13,1896.4,1433.1,892.55,1831.2242857142858,1604.1585714285716,1502.8733333333332,False,True,False
254,2025-05-14,Hell's Kitchen,1979.71,561,424,2,0,5,20,14,2312.6,1957.55,1111.4,1956.867142857143,1705.5907142857143,1520.0466666666666,False,True,False
255,2025-05-15,Hell's Kitchen,1592.65,480,342,3,0,5,20,15,1979.71,1767.38,1598.4,1960.032857142857,1767.6128571428574,1525.4216666666666,False,True,False
256,2025-05-16,Hell's Kitchen,1815.78,541,399,4,0,5,20,16,1592.65,1916.2,1590.55,1935.0714285714287,1767.2021428571427,1537.5406666666668,False,True,False
257,2025-05-17,Hell's Kitchen,1791.35,359,247,5,1,5,20,17,1815.78,1942.63,1552.5,1920.7257142857143,1783.2900000000002,1546.219,False,True,False
258,2025-05-18,Hell's Kitchen,1949.33,583,419,6,1,5,20,18,1791.35,1905.31,1448.55,1899.1142857142859,1800.3507142857143,1551.3156666666666,False,True,False
259,2025-05-19,Hell's Kitchen,1908.83,561,405,0,0,5,21,19,1949.33,1896.4,1445.7,1905.402857142857,1836.1207142857143,1563.6066666666668,False,True,False
260,2025-05-20,Hell's Kitchen,1883.15,568,393,1,0,5,21,20,1908.83,2312.6,1433.1,1907.1785714285713,1869.2014285714286,1578.9283333333333,False,True,False
261,2025-05-21,Hell's Kitchen,2085.08,605,436,2,0,5,21,21,1883.15,1979.71,1957.55,1845.8285714285714,1901.3478571428573,1597.7866666666666,False,True,False
262,2025-05-22,Hell's Kitchen,1510.95,442,320,3,0,5,21,22,2085.08,1592.65,1767.38,1860.8814285714286,1910.457142857143,1616.5610000000001,False,True,False
263,2025-05-23,Hell's Kitchen,1835.93,544,394,4,0,5,21,23,1510.95,1815.78,1916.2,1849.2100000000003,1892.1407142857145,1632.4109999999998,False,True,False
264,2025-05-24,Hell's Kitchen,1533.2,444,314,5,1,5,21,24,1835.93,1791.35,1942.63,1852.0885714285712,1886.4071428571428,1646.4593333333332,False,True,False
265,2025-05-25,Hell's Kitchen,1597.4,456,321,6,1,5,21,25,1533.2,1949.33,1905.31,1815.2099999999998,1857.162142857143,1658.6743333333334,False,True,False
266,2025-05-26,Hell's Kitchen,1507.3,451,337,0,0,5,22,26,1597.4,1908.83,1896.4,1764.9342857142856,1835.1685714285716,1669.1026666666667,False,True,False
267,2025-05-27,Hell's Kitchen,1655.25,582,406,1,0,5,22,27,1507.3,1883.15,2312.6,1707.5728571428572,1807.3757142857141,1671.7626666666665,False,True,False
268,2025-05-28,Hell's Kitchen,1264.75,404,299,2,0,5,22,28,1655.25,2085.08,1979.71,1675.0157142857145,1760.422142857143,1683.556,False,True,False
269,2025-05-29,Hell's Kitchen,1125.15,363,257,3,0,5,22,29,1264.75,1510.95,1592.65,1557.8257142857144,1709.3535714285713,1689.3826666666666,False,True,False
270,2025-05-30,Hell's Kitchen,1432.5,426,307,4,0,5,22,30,1125.15,1835.93,1815.78,1502.7114285714285,1675.9607142857144,1697.136,False,True,False
271,2025-05-31,Hell's Kitchen,1363.75,416,295,5,1,5,22,31,1432.5,1533.2,1791.35,1445.0785714285714,1648.5835714285713,1707.8393333333333,False,True,False
272,2025-06-01,Hell's Kitchen,1829.2,582,392,6,1,6,22,1,1363.75,1597.4,1949.33,1420.8714285714286,1618.0407142857143,1700.0176666666666,False,True,False
273,2025-06-02,Hell's Kitchen,1701.6,555,381,0,0,6,23,2,1829.2,1507.3,1908.83,1453.9857142857145,1609.4600000000003,1707.9726666666668,False,True,False
274,2025-06-03,Hell's Kitchen,1612.8,522,360,1,0,6,23,3,1701.6,1655.25,1883.15,1481.742857142857,1594.657857142857,1712.9426666666668,False,True,False
275,2025-06-04,Hell's Kitchen,1628.9,529,363,2,0,6,23,4,1612.8,1264.75,2085.08,1475.6785714285713,1575.3471428571427,1718.4176666666667,False,True,False
276,2025-06-05,Hell's Kitchen,1531.7,495,346,3,0,6,23,5,1628.9,1125.15,1510.95,1527.7,1542.7628571428572,1724.5243333333335,False,True,False
277,2025-06-06,Hell's Kitchen,1611.4,533,362,4,0,6,23,6,1531.7,1432.5,1835.93,1585.7785714285715,1544.2450000000001,1727.811,False,True,False
278,2025-06-07,Hell's Kitchen,2045.5,652,453,5,1,6,23,7,1611.4,1363.75,1533.2,1611.3357142857144,1528.2071428571428,1716.2726666666667,False,True,False
279,2025-06-08,Hell's Kitchen,2028.11,623,448,6,1,6,23,8,2045.5,1829.2,1597.4,1708.7285714285715,1564.7999999999997,1725.5433333333333,False,True,False
280,2025-06-09,Hell's Kitchen,2189.6,693,491,0,0,6,24,9,2028.11,1701.6,1507.3,1737.1442857142854,1595.565,1729.2736666666667,False,True,False
281,2025-06-10,Hell's Kitchen,1990.7,612,439,1,0,6,24,10,2189.6,1612.8,1655.25,1806.8585714285714,1644.3007142857145,1737.506,False,True,False
282,2025-06-11,Hell's Kitchen,2002.53,636,455,2,0,6,24,11,1990.7,1628.9,1264.75,1860.8442857142857,1668.2614285714285,1740.3523333333333,False,True,False
283,2025-06-12,Hell's Kitchen,2106.6,644,453,3,0,6,24,12,2002.53,1531.7,1125.15,1914.22,1720.9600000000003,1743.8899999999999,False,True,False
284,2025-06-13,Hell's Kitchen,2534.8,769,493,4,0,6,24,13,2106.6,1611.4,1432.5,1996.3485714285712,1791.0635714285713,1737.0233333333333,False,True,False
285,2025-06-14,Hell's Kitchen,2496.61,672,498,5,1,6,24,14,2534.8,2045.5,1363.75,2128.2628571428572,1869.7992857142856,1755.5263333333335,False,True,False
286,2025-06-15,Hell's Kitchen,1788.18,549,392,6,1,6,24,15,2496.61,2028.11,1829.2,2192.707142857143,1950.7178571428572,1785.6583333333333,False,True,False
287,2025-06-16,Hell's Kitchen,1975.95,597,436,0,0,6,25,16,1788.18,2189.6,1701.6,2158.4314285714286,1947.787857142857,1784.7383333333335,False,True,False
288,2025-06-17,Hell's Kitchen,2320.1,397,273,1,0,6,25,17,1975.95,1990.7,1612.8,2127.9100000000003,1967.3842857142859,1790.8916666666667,False,True,False
289,2025-06-18,Hell's Kitchen,2175.93,638,451,2,0,6,25,18,2320.1,2002.53,1628.9,2174.967142857143,2017.9057142857143,1803.2506666666666,False,True,False
290,2025-06-19,Hell's Kitchen,2124.08,624,454,3,0,6,25,19,2175.93,2106.6,1531.7,2199.7385714285715,2056.9792857142857,1812.154,False,True,False
291,2025-06-20,Hell's Kitchen,1885.65,575,396,4,0,6,25,20,2124.08,2534.8,1611.4,2202.2357142857145,2099.292142857143,1820.1850000000002,False,True,False
292,2025-06-21,Hell's Kitchen,2303.83,671,485,5,1,6,25,21,1885.65,2496.61,2045.5,2109.5,2118.8814285714284,1813.5373333333334,False,True,False
293,2025-06-22,Hell's Kitchen,1557.1,469,341,6,1,6,25,22,2303.83,1788.18,2028.11,2081.96,2137.3335714285718,1839.9666666666667,False,True,False
294,2025-06-23,Hell's Kitchen,1984.08,570,402,0,0,6,26,23,1557.1,1975.95,2189.6,2048.9485714285715,2103.69,1830.6723333333334,False,True,False
295,2025-06-24,Hell's Kitchen,1690.8,511,359,1,0,6,26,24,1984.08,2320.1,1990.7,2050.11,2089.0099999999998,1845.7016666666666,False,True,False
296,2025-06-25,Hell's Kitchen,1769.2,527,376,2,0,6,26,25,1690.8,2175.93,2002.53,1960.2099999999998,2067.5885714285714,1848.8149999999998,False,True,False
297,2025-06-26,Hell's Kitchen,1746.1,528,387,3,0,6,26,26,1769.2,2124.08,2106.6,1902.1057142857146,2050.9221428571427,1857.5449999999998,False,True,False
298,2025-06-27,Hell's Kitchen,1676.7,594,414,4,0,6,26,27,1746.1,1885.65,2534.8,1848.1085714285712,2025.172142857143,1860.5733333333335,False,True,False
299,2025-06-28,Hell's Kitchen,1445.85,459,334,5,1,6,26,28,1676.7,2303.83,2496.61,1818.2585714285713,1963.8792857142857,1874.305,False,True,False
300,2025-06-29,Hell's Kitchen,1298.55,420,294,6,1,6,26,29,1445.85,1557.1,1788.18,1695.69,1888.825,1884.995,False,True,False
301,2025-06-30,Hell's Kitchen,1904.93,478,343,0,0,6,27,30,1298.55,1984.08,1975.95,1658.7542857142855,1853.8514285714284,1880.53,False,True,False
302,2025-01-31,Lower Manhattan,764.23,208,138,4,0,1,5,31,737.41,1105.8,788.9,907.1442857142857,890.0835714285713,859.3066666666667,False,False,True
303,2025-02-01,Lower Manhattan,783.2,255,179,5,1,2,5,1,764.23,1063.85,825.83,858.3485714285714,888.3214285714286,858.5026666666668,False,False,True
304,2025-02-02,Lower Manhattan,678.15,225,159,6,1,2,5,2,783.2,1067.35,788.05,818.2557142857144,885.2764285714285,862.9743333333333,False,False,True
305,2025-02-03,Lower Manhattan,755.25,242,170,0,0,2,6,3,678.15,1143.5,791.55,762.6557142857143,877.4264285714286,860.3793333333332,False,False,True
306,2025-02-04,Lower Manhattan,881.1,285,193,1,0,2,6,4,755.25,604.2,1015.0,707.1914285714286,874.8335714285713,864.5476666666667,False,False,True
307,2025-02-05,Lower Manhattan,724.1,232,164,2,0,2,6,5,881.1,627.9,1003.08,746.7485714285714,865.2692857142856,867.221,False,False,True
308,2025-02-06,Lower Manhattan,751.9,239,168,3,0,2,6,6,724.1,737.41,898.75,760.4914285714285,845.3421428571428,865.0043333333334,False,False,True
309,2025-02-07,Lower Manhattan,737.0,222,158,4,0,2,6,7,751.9,764.23,1105.8,762.5614285714286,834.852857142857,863.7926666666667,False,False,True
310,2025-02-08,Lower Manhattan,883.7,283,199,5,1,2,6,8,737.0,783.2,1063.85,758.6714285714287,808.51,855.941,False,False,True
311,2025-02-09,Lower Manhattan,884.58,244,171,6,1,2,6,9,883.7,678.15,1067.35,773.0285714285714,795.6421428571429,851.7909999999999,False,False,True
312,2025-02-10,Lower Manhattan,961.3,295,205,0,0,2,7,10,884.58,755.25,1143.5,802.5185714285715,782.5871428571428,850.2586666666666,False,False,True
313,2025-02-11,Lower Manhattan,825.48,265,191,1,0,2,7,11,961.3,881.1,604.2,831.9542857142858,769.5728571428572,854.2669999999999,False,False,True
314,2025-02-12,Lower Manhattan,1087.6,339,234,2,0,2,7,12,825.48,724.1,627.9,824.0085714285714,785.3785714285715,851.2796666666667,False,False,True
315,2025-02-13,Lower Manhattan,1018.43,329,212,3,0,2,7,13,1087.6,751.9,737.41,875.9371428571428,818.2142857142857,855.3596666666667,False,False,True
316,2025-02-14,Lower Manhattan,763.23,237,179,4,0,2,7,14,1018.43,737.0,764.23,914.0128571428571,838.2871428571428,863.474,False,False,True
317,2025-02-15,Lower Manhattan,822.85,249,181,5,1,2,7,15,763.23,883.7,783.2,917.7600000000001,838.2157142857142,860.3700000000001,False,False,True
318,2025-02-16,Lower Manhattan,923.8,266,201,6,1,2,7,16,822.85,884.58,678.15,909.0671428571428,841.0478571428572,859.4423333333333,False,False,True
319,2025-02-17,Lower Manhattan,695.55,229,169,0,0,2,8,17,923.8,961.3,755.25,914.67,858.5942857142857,863.939,False,False,True
320,2025-02-18,Lower Manhattan,746.45,233,180,1,0,2,8,18,695.55,825.48,881.1,876.7057142857142,854.33,859.5963333333333,False,False,True
321,2025-02-19,Lower Manhattan,891.0,275,200,2,0,2,8,19,746.45,1087.6,724.1,865.4157142857142,844.7121428571429,858.2096666666665,False,False,True
322,2025-02-20,Lower Manhattan,1056.75,336,204,3,0,2,8,20,891.0,1018.43,751.9,837.3299999999999,856.6335714285714,861.5246666666666,False,False,True
323,2025-02-21,Lower Manhattan,954.4,276,165,4,0,2,8,21,1056.75,763.23,737.0,842.8042857142857,878.4085714285715,862.9163333333332,False,False,True
324,2025-02-22,Lower Manhattan,1060.5,323,187,5,1,2,8,22,954.4,822.85,883.7,870.1142857142856,893.9371428571429,861.2936666666667,False,False,True
325,2025-02-23,Lower Manhattan,952.73,311,178,6,1,2,8,23,1060.5,923.8,884.58,904.0642857142858,906.5657142857143,866.6853333333333,False,False,True
326,2025-02-24,Lower Manhattan,1138.7,373,214,0,0,2,9,24,952.73,695.55,961.3,908.1971428571429,911.4335714285714,861.5830000000001,False,False,True
327,2025-02-25,Lower Manhattan,1156.65,367,209,1,0,2,9,25,1138.7,746.45,825.48,971.5042857142856,924.1050000000001,864.078,False,False,True
328,2025-02-26,Lower Manhattan,997.4,299,170,2,0,2,9,26,1156.65,891.0,1087.6,1030.1042857142859,947.76,867.0546666666667,False,False,True
329,2025-02-27,Lower Manhattan,1469.25,434,268,3,0,2,9,27,997.4,1056.75,1018.43,1045.3042857142857,941.3171428571429,862.1846666666667,False,False,True
330,2025-02-28,Lower Manhattan,719.0,232,155,4,0,2,9,28,1469.25,954.4,763.23,1104.2328571428573,973.5185714285715,891.0196666666667,False,False,True
331,2025-03-01,Lower Manhattan,978.7,310,218,5,1,3,9,1,719.0,1060.5,822.85,1070.6042857142859,970.3592857142858,894.0563333333333,False,False,True
332,2025-03-02,Lower Manhattan,886.9,280,202,6,1,3,9,2,978.7,952.73,923.8,1058.9185714285713,981.4914285714286,902.0993333333333,False,False,True
333,2025-03-03,Lower Manhattan,957.25,311,217,0,0,3,10,3,886.9,1138.7,695.55,1049.5142857142857,978.8557142857144,906.1883333333333,False,False,True
334,2025-03-04,Lower Manhattan,904.75,288,201,1,0,3,10,4,957.25,1156.65,746.45,1023.5928571428573,997.5485714285714,911.9899999999999,False,False,True
335,2025-03-05,Lower Manhattan,944.15,298,215,2,0,3,10,5,904.75,997.4,891.0,987.6071428571429,1008.8557142857143,919.5433333333333,False,False,True
336,2025-03-06,Lower Manhattan,950.35,299,213,3,0,3,10,6,944.15,1469.25,1056.75,980.0,1012.6521428571428,925.84,False,False,True
337,2025-03-07,Lower Manhattan,746.15,216,154,4,0,3,10,7,950.35,719.0,954.4,905.8714285714286,1005.0521428571429,928.1483333333332,False,False,True
338,2025-03-08,Lower Manhattan,1130.1,350,239,5,1,3,10,8,746.15,978.7,1060.5,909.75,990.1771428571428,928.8833333333333,False,False,True
339,2025-03-09,Lower Manhattan,1282.44,335,237,6,1,3,10,9,1130.1,886.9,952.73,931.3785714285714,995.1485714285715,941.4899999999999,False,False,True
340,2025-03-10,Lower Manhattan,1108.2,340,236,0,0,3,11,10,1282.44,957.25,1138.7,987.8842857142856,1018.6992857142858,959.6713333333333,False,False,True
341,2025-03-11,Lower Manhattan,1075.6,344,236,1,0,3,11,11,1108.2,904.75,1156.65,1009.4485714285713,1016.5207142857142,967.1546666666668,False,False,True
342,2025-03-12,Lower Manhattan,1146.15,375,257,2,0,3,11,12,1075.6,944.15,997.4,1033.8557142857142,1010.7314285714285,973.522,False,False,True
343,2025-03-13,Lower Manhattan,1340.65,405,262,3,0,3,11,13,1146.15,950.35,1469.25,1062.712857142857,1021.3564285714285,979.6836666666667,False,False,True
344,2025-03-14,Lower Manhattan,966.28,281,219,4,0,3,11,14,1340.65,746.15,719.0,1118.47,1012.1707142857142,996.856,False,False,True
345,2025-03-15,Lower Manhattan,915.3,285,209,5,1,3,11,15,966.28,1130.1,978.7,1149.9171428571428,1029.8335714285715,992.812,False,False,True
346,2025-03-16,Lower Manhattan,1094.55,328,240,6,1,3,11,16,915.3,1282.44,886.9,1119.2314285714285,1025.3049999999998,989.3743333333333,False,False,True
347,2025-03-17,Lower Manhattan,952.85,298,221,0,0,3,12,17,1094.55,1108.2,957.25,1092.3899999999999,1040.1371428571429,1000.4183333333333,False,False,True
348,2025-03-18,Lower Manhattan,1037.53,311,231,1,0,3,12,18,952.85,1075.6,904.75,1070.1971428571428,1039.8228571428572,1004.7516666666667,False,False,True
349,2025-03-19,Lower Manhattan,766.35,256,190,2,0,3,12,19,1037.53,1146.15,944.15,1064.7585714285713,1049.3071428571427,1008.5426666666667,False,False,True
350,2025-03-20,Lower Manhattan,1035.1,352,209,3,0,3,12,20,766.35,1340.65,950.35,1010.5014285714286,1036.607142857143,1010.9026666666667,False,False,True
351,2025-03-21,Lower Manhattan,1057.25,319,186,4,0,3,12,21,1035.1,966.28,746.15,966.8514285714284,1042.6607142857142,1020.5243333333333,False,False,True
352,2025-03-22,Lower Manhattan,1235.66,370,210,5,1,3,12,22,1057.25,915.3,1130.1,979.8471428571429,1064.882142857143,1026.066,False,False,True
353,2025-03-23,Lower Manhattan,1158.25,387,223,6,1,3,12,23,1235.66,1094.55,1282.44,1025.6128571428571,1072.422142857143,1032.0296666666666,False,False,True
354,2025-03-24,Lower Manhattan,1447.1,456,259,0,0,3,13,24,1158.25,952.85,1108.2,1034.712857142857,1063.5514285714287,1038.8246666666666,False,False,True
355,2025-03-25,Lower Manhattan,1348.9,416,238,1,0,3,13,25,1447.1,1037.53,1075.6,1105.32,1087.7585714285715,1051.7113333333334,False,False,True
356,2025-03-26,Lower Manhattan,1130.55,360,195,2,0,3,13,26,1348.9,766.35,1146.15,1149.8014285714285,1107.28,1064.917,False,False,True
357,2025-03-27,Lower Manhattan,1489.75,437,252,3,0,3,13,27,1130.55,1035.1,1340.65,1201.83,1106.1657142857143,1064.6453333333334,False,False,True
358,2025-03-28,Lower Manhattan,945.25,305,207,4,0,3,13,28,1489.75,1057.25,966.28,1266.78,1116.8157142857142,1075.7486666666668,False,False,True
359,2025-03-29,Lower Manhattan,840.3,274,194,5,1,3,13,29,945.25,1235.66,915.3,1250.78,1115.3135714285713,1074.0103333333334,False,False,True
360,2025-03-30,Lower Manhattan,966.79,319,210,6,1,3,13,30,840.3,1158.25,1094.55,1194.3,1109.9564285714287,1053.0453333333332,False,False,True
361,2025-03-31,Lower Manhattan,1049.53,304,202,0,0,3,14,31,966.79,1447.1,952.85,1166.9485714285713,1100.8307142857143,1061.305,False,False,True
362,2025-04-01,Lower Manhattan,1168.05,375,267,1,0,4,14,1,1049.53,1348.9,1037.53,1110.152857142857,1107.7364285714286,1063.666,False,False,True
363,2025-04-02,Lower Manhattan,1002.2,327,233,2,0,4,14,2,1168.05,1130.55,766.35,1084.3171428571427,1117.0592857142858,1073.0376666666666,False,False,True
364,2025-04-03,Lower Manhattan,1127.55,366,259,3,0,4,14,3,1002.2,1489.75,1035.1,1065.9814285714288,1133.9057142857143,1074.536,False,False,True
365,2025-04-04,Lower Manhattan,1092.0,360,241,4,0,4,14,4,1127.55,945.25,1057.25,1014.2385714285714,1140.5092857142856,1081.9626666666668,False,False,True
366,2025-04-05,Lower Manhattan,1202.25,380,274,5,1,4,14,5,1092.0,840.3,1235.66,1035.202857142857,1142.9914285714285,1086.891,False,False,True
367,2025-04-06,Lower Manhattan,1080.25,346,245,6,1,4,14,6,1202.25,966.79,1158.25,1086.91,1140.605,1095.2876666666668,False,False,True
368,2025-04-07,Lower Manhattan,1014.75,280,202,0,0,4,15,7,1080.25,1049.53,1447.1,1103.1185714285714,1135.0335714285713,1106.4243333333334,False,False,True
369,2025-04-08,Lower Manhattan,1513.35,440,302,1,0,4,15,8,1014.75,1168.05,1348.9,1098.1499999999999,1104.1514285714286,1102.5793333333336,False,False,True
370,2025-04-09,Lower Manhattan,1465.3,377,264,2,0,4,15,9,1513.35,1002.2,1130.55,1147.4785714285715,1115.8978571428572,1110.2763333333335,False,False,True
371,2025-04-10,Lower Manhattan,1453.8,445,314,3,0,4,15,10,1465.3,1127.55,1489.75,1213.6357142857141,1139.8085714285714,1122.1796666666667,False,False,True
372,2025-04-11,Lower Manhattan,1195.83,406,282,4,0,4,15,11,1453.8,1092.0,945.25,1260.2428571428572,1137.2407142857144,1134.7863333333332,False,False,True
373,2025-04-12,Lower Manhattan,1512.55,476,327,5,1,4,15,12,1195.83,1202.25,840.3,1275.0757142857144,1155.1392857142857,1136.4423333333332,False,False,True
374,2025-04-13,Lower Manhattan,1247.43,394,257,6,1,4,15,13,1512.55,1080.25,966.79,1319.4042857142856,1203.1571428571426,1142.1723333333332,False,False,True
375,2025-04-14,Lower Manhattan,1116.96,309,240,0,0,4,16,14,1247.43,1014.75,1049.53,1343.287142857143,1223.202857142857,1151.544,False,False,True
376,2025-04-15,Lower Manhattan,1270.05,403,285,1,0,4,16,15,1116.96,1513.35,1168.05,1357.8885714285714,1228.0192857142858,1158.2659999999998,False,False,True
377,2025-04-16,Lower Manhattan,1462.88,426,327,2,0,4,16,16,1270.05,1465.3,1002.2,1323.1314285714286,1235.305,1164.1160000000002,False,False,True
378,2025-04-17,Lower Manhattan,1150.05,369,275,3,0,4,16,17,1462.88,1453.8,1127.55,1322.7857142857142,1268.2107142857144,1181.1169999999997,False,False,True
379,2025-04-18,Lower Manhattan,1164.68,352,259,4,0,4,16,18,1150.05,1195.83,1092.0,1279.392857142857,1269.8178571428573,1184.8676666666665,False,False,True
380,2025-04-19,Lower Manhattan,1130.2,364,263,5,1,4,16,19,1164.68,1512.55,1202.25,1274.9428571428573,1275.0092857142859,1198.1453333333334,False,False,True
381,2025-04-20,Lower Manhattan,1443.43,461,279,6,1,4,16,20,1130.2,1247.43,1080.25,1220.3214285714287,1269.8628571428574,1201.3153333333332,False,False,True
382,2025-04-21,Lower Manhattan,1381.65,435,256,0,0,4,17,21,1443.43,1116.96,1014.75,1248.3214285714287,1295.804285714286,1214.1879999999999,False,False,True
383,2025-04-22,Lower Manhattan,1634.18,509,294,1,0,4,17,22,1381.65,1270.05,1513.35,1286.1342857142859,1322.0114285714285,1219.0543333333333,False,False,True
384,2025-04-23,Lower Manhattan,1522.76,482,275,2,0,4,17,23,1634.18,1462.88,1465.3,1338.1528571428573,1330.642142857143,1234.9186666666667,False,False,True
385,2025-04-24,Lower Manhattan,1558.9,504,298,3,0,4,17,24,1522.76,1150.05,1453.8,1346.707142857143,1334.7464285714284,1237.4406666666666,False,False,True
386,2025-04-25,Lower Manhattan,1664.35,529,296,4,0,4,17,25,1558.9,1164.68,1195.83,1405.1142857142859,1342.2535714285714,1244.4406666666666,False,False,True
387,2025-04-26,Lower Manhattan,1684.45,518,290,5,1,4,17,26,1664.35,1130.2,1512.55,1476.4957142857145,1375.7192857142857,1262.2340000000002,False,False,True
388,2025-04-27,Lower Manhattan,1686.1,554,318,6,1,4,17,27,1684.45,1443.43,1247.43,1555.6742857142856,1387.997857142857,1268.724,False,False,True
389,2025-04-28,Lower Manhattan,1111.15,369,251,0,0,4,18,28,1686.1,1381.65,1116.96,1590.3414285714287,1419.331428571429,1293.419,False,False,True
390,2025-04-29,Lower Manhattan,936.9,309,223,1,0,4,18,29,1111.15,1634.18,1270.05,1551.6985714285713,1418.9164285714285,1302.4473333333333,False,False,True
391,2025-04-30,Lower Manhattan,1165.33,384,254,2,0,4,18,30,936.9,1522.76,1462.88,1452.0871428571427,1395.1200000000001,1301.451,False,False,True
392,2025-05-01,Lower Manhattan,1475.4,470,327,3,0,5,18,1,1165.33,1558.9,1150.05,1401.025714285714,1373.8664285714283,1305.3110000000001,False,False,True
393,2025-05-02,Lower Manhattan,1276.5,414,289,4,0,5,18,2,1475.4,1664.35,1164.68,1389.097142857143,1397.1057142857142,1315.5559999999998,False,False,True
394,2025-05-03,Lower Manhattan,1401.65,453,317,5,1,5,18,3,1276.5,1684.45,1130.2,1333.69,1405.0928571428572,1324.6993333333332,False,False,True
395,2025-05-04,Lower Manhattan,1431.3,469,321,6,1,5,18,4,1401.65,1686.1,1443.43,1293.2900000000002,1424.482142857143,1333.8359999999998,False,False,True
396,2025-05-05,Lower Manhattan,1528.65,490,353,0,0,5,19,5,1431.3,1111.15,1381.65,1256.8899999999999,1423.6157142857141,1345.146,False,False,True
397,2025-05-06,Lower Manhattan,1479.0,472,337,1,0,5,19,6,1528.65,936.9,1634.18,1316.532857142857,1434.1157142857141,1356.026,False,False,True
398,2025-05-07,Lower Manhattan,1168.55,357,251,2,0,5,19,7,1479.0,1165.33,1522.76,1393.9757142857143,1423.0314285714285,1369.3176666666666,False,False,True
399,2025-05-08,Lower Manhattan,1869.15,588,399,3,0,5,19,8,1168.55,1475.4,1558.9,1394.4357142857145,1397.7307142857146,1374.4443333333331,False,False,True
400,2025-05-09,Lower Manhattan,1822.66,480,351,4,0,5,19,9,1869.15,1276.5,1664.35,1450.6857142857145,1419.8914285714286,1386.3043333333333,False,False,True
401,2025-05-10,Lower Manhattan,1596.8,507,361,5,1,5,19,10,1822.66,1401.65,1684.45,1528.7085714285713,1431.1992857142855,1398.2163333333335,False,False,True
402,2025-05-11,Lower Manhattan,1549.75,507,350,6,1,5,19,11,1596.8,1431.3,1686.1,1556.587142857143,1424.9385714285713,1402.983,False,False,True
403,2025-05-12,Lower Manhattan,1609.65,548,375,0,0,5,20,12,1549.75,1528.65,1111.15,1573.5085714285717,1415.1992857142857,1414.7803333333331,False,False,True
404,2025-05-13,Lower Manhattan,1899.08,594,388,1,0,5,20,13,1609.65,1479.0,936.9,1585.0800000000002,1450.8064285714286,1418.017,False,False,True
405,2025-05-14,Lower Manhattan,1590.94,461,354,2,0,5,20,14,1899.08,1168.55,1165.33,1645.0914285714287,1519.5335714285716,1439.7386666666669,False,False,True
406,2025-05-15,Lower Manhattan,1611.45,500,367,3,0,5,20,15,1590.94,1869.15,1475.4,1705.432857142857,1549.9342857142858,1455.538,False,False,True
407,2025-05-16,Lower Manhattan,1684.2,493,370,4,0,5,20,16,1611.45,1822.66,1276.5,1668.6185714285714,1559.652142857143,1466.9180000000001,False,False,True
408,2025-05-17,Lower Manhattan,1684.15,510,369,5,1,5,20,17,1684.2,1596.8,1401.65,1648.8385714285716,1588.7735714285716,1474.2953333333332,False,False,True
409,2025-05-18,Lower Manhattan,1668.2,510,376,6,1,5,20,18,1684.15,1549.75,1431.3,1661.3171428571427,1608.9521428571427,1492.0986666666665,False,False,True
410,2025-05-19,Lower Manhattan,1564.35,497,361,0,0,5,21,19,1668.2,1609.65,1528.65,1678.2385714285717,1625.8735714285715,1508.8826666666669,False,False,True
411,2025-05-20,Lower Manhattan,1837.4,602,357,1,0,5,21,20,1564.35,1899.08,1479.0,1671.7671428571427,1628.4235714285714,1523.3543333333334,False,False,True
412,2025-05-21,Lower Manhattan,1716.95,544,322,2,0,5,21,21,1837.4,1590.94,1168.55,1662.9557142857143,1654.0235714285716,1536.486666666667,False,False,True
413,2025-05-22,Lower Manhattan,2257.06,705,407,3,0,5,21,22,1716.95,1611.45,1869.15,1680.9571428571428,1693.195,1547.6633333333334,False,False,True
414,2025-05-23,Lower Manhattan,1753.88,572,322,4,0,5,21,23,2257.06,1684.2,1822.66,1773.187142857143,1720.902857142857,1568.426,False,False,True
415,2025-05-24,Lower Manhattan,1968.6,633,368,5,1,5,21,24,1753.88,1684.15,1596.8,1783.1414285714286,1715.99,1576.13,False,False,True
416,2025-05-25,Lower Manhattan,2005.3,629,353,6,1,5,21,25,1968.6,1668.2,1549.75,1823.777142857143,1742.547142857143,1589.7866666666666,False,False,True
417,2025-05-26,Lower Manhattan,1967.0,619,343,0,0,5,22,26,2005.3,1564.35,1609.65,1871.9342857142856,1775.0864285714288,1601.1516666666664,False,False,True
418,2025-05-27,Lower Manhattan,2242.85,693,403,1,0,5,22,27,1967.0,1837.4,1899.08,1929.4557142857143,1800.6114285714286,1610.57,False,False,True
419,2025-05-28,Lower Manhattan,1461.05,467,328,2,0,5,22,28,2242.85,1716.95,1590.94,1987.3771428571429,1825.1664285714285,1629.1283333333336,False,False,True
420,2025-05-29,Lower Manhattan,1197.25,391,286,3,0,5,22,29,1461.05,2257.06,1611.45,1950.82,1815.8885714285714,1640.7916666666667,False,False,True
421,2025-05-30,Lower Manhattan,1732.03,500,333,4,0,5,22,30,1197.25,1753.88,1684.2,1799.4185714285716,1786.302857142857,1649.47,False,False,True
422,2025-05-31,Lower Manhattan,1649.27,500,320,5,1,5,22,31,1732.03,1968.6,1684.15,1796.297142857143,1789.7192857142857,1668.36,False,False,True
423,2025-06-01,Lower Manhattan,1602.95,511,350,6,1,6,22,1,1649.27,2005.3,1668.2,1750.6785714285713,1787.2278571428574,1674.1556666666665,False,False,True
424,2025-06-02,Lower Manhattan,1439.45,465,330,0,0,6,23,2,1602.95,1967.0,1564.35,1693.2,1782.5671428571427,1685.0373333333332,False,False,True
425,2025-06-03,Lower Manhattan,1600.35,516,361,1,0,6,23,3,1439.45,2242.85,1837.4,1617.8357142857144,1773.6457142857143,1686.2973333333334,False,False,True
426,2025-06-04,Lower Manhattan,1595.35,518,351,2,0,6,23,4,1600.35,1461.05,1716.95,1526.05,1756.7135714285716,1691.9323333333334,False,False,True
427,2025-06-05,Lower Manhattan,1537.0,487,348,3,0,6,23,5,1595.35,1197.25,2257.06,1545.2357142857145,1748.027857142857,1694.1556666666665,False,False,True
428,2025-06-06,Lower Manhattan,1590.4,515,366,4,0,6,23,6,1537.0,1732.03,1753.88,1593.7714285714287,1696.595,1696.089,False,False,True
429,2025-06-07,Lower Manhattan,1282.05,390,275,5,1,6,23,7,1590.4,1649.27,1968.6,1573.5385714285715,1684.9178571428572,1710.150666666667,False,False,True
430,2025-06-08,Lower Manhattan,1954.8,591,407,6,1,6,23,8,1282.05,1602.95,2005.3,1521.0785714285714,1635.8785714285714,1690.5806666666665,False,False,True
431,2025-06-09,Lower Manhattan,2159.08,556,392,0,0,6,24,9,1954.8,1439.45,1967.0,1571.3428571428574,1632.2714285714285,1694.9853333333333,False,False,True
432,2025-06-10,Lower Manhattan,1886.6,558,396,1,0,6,24,10,2159.08,1600.35,2242.85,1674.1471428571426,1645.9914285714283,1713.728,False,False,True
433,2025-06-11,Lower Manhattan,1712.43,543,385,2,0,6,24,11,1886.6,1595.35,1461.05,1715.0399999999997,1620.545,1724.9563333333333,False,False,True
434,2025-06-12,Lower Manhattan,1977.5,636,436,3,0,6,24,12,1712.43,1537.0,1197.25,1731.7657142857145,1638.5007142857144,1728.3823333333335,False,False,True
435,2025-06-13,Lower Manhattan,2215.11,689,447,4,0,6,24,13,1977.5,1590.4,1732.03,1794.6942857142858,1694.2328571428573,1730.9963333333333,False,False,True
436,2025-06-14,Lower Manhattan,1751.36,511,393,5,1,6,24,14,2215.11,1282.05,1649.27,1883.9385714285713,1728.7385714285715,1751.802,False,False,True
437,2025-06-15,Lower Manhattan,1644.85,518,377,6,1,6,24,15,1751.36,1954.8,1602.95,1950.9828571428573,1736.0307142857143,1756.4656666666667,False,False,True
438,2025-06-16,Lower Manhattan,1805.68,548,412,0,0,6,25,16,1644.85,2159.08,1439.45,1906.7042857142858,1739.0235714285716,1755.154,False,False,True
439,2025-06-17,Lower Manhattan,1724.85,537,391,1,0,6,25,17,1805.68,1886.6,1600.35,1856.2185714285713,1765.1828571428573,1759.2050000000002,False,False,True
440,2025-06-18,Lower Manhattan,1805.28,537,402,2,0,6,25,18,1724.85,1712.43,1595.35,1833.1114285714286,1774.0757142857142,1761.0933333333332,False,False,True
441,2025-06-19,Lower Manhattan,1733.4,546,400,3,0,6,25,19,1805.28,1977.5,1537.0,1846.3757142857144,1789.0707142857143,1769.1243333333332,False,False,True
442,2025-06-20,Lower Manhattan,1929.63,629,372,4,0,6,25,20,1733.4,2215.11,1590.4,1811.5042857142857,1803.0992857142858,1765.6576666666665,False,False,True
443,2025-06-21,Lower Manhattan,1890.3,586,351,5,1,6,25,21,1929.63,1751.36,1282.05,1770.7214285714285,1827.33,1772.7469999999998,False,False,True
444,2025-06-22,Lower Manhattan,2145.95,688,399,6,1,6,25,22,1890.3,1644.85,1954.8,1790.57,1870.7764285714286,1760.5216666666668,False,False,True
445,2025-06-23,Lower Manhattan,1933.38,631,356,0,0,6,26,23,2145.95,1805.68,2159.08,1862.1557142857143,1884.43,1773.5906666666665,False,False,True
446,2025-06-24,Lower Manhattan,2097.75,657,383,1,0,6,26,24,1933.38,1724.85,1886.6,1880.3985714285716,1868.3085714285717,1772.4166666666667,False,False,True
447,2025-06-25,Lower Manhattan,2244.95,707,402,2,0,6,26,25,2097.75,1805.28,1712.43,1933.67,1883.3907142857145,1775.4983333333334,False,False,True
448,2025-06-26,Lower Manhattan,2154.7,674,376,3,0,6,26,26,2244.95,1733.4,1977.5,1996.4799999999998,1921.427857142857,1784.7633333333333,False,False,True
449,2025-06-27,Lower Manhattan,2437.4,770,442,4,0,6,26,27,2154.7,1929.63,2215.11,2056.6657142857143,1934.0849999999998,1781.825,False,False,True
450,2025-06-28,Lower Manhattan,1524.95,492,343,5,1,6,26,28,2437.4,1890.3,1751.36,2129.2042857142856,1949.962857142857,1814.37,False,False,True
451,2025-06-29,Lower Manhattan,1299.45,424,305,6,1,6,26,29,1524.95,2145.95,1644.85,2077.0114285714285,1933.7907142857143,1825.2933333333335,False,False,True
452,2025-06-30,Lower Manhattan,1768.74,535,348,0,0,6,27,30,1299.45,1933.38,1805.68,1956.0828571428572,1909.1192857142855,1810.874,False,False,True
